App,Category,Rating,Reviews,Size,Installs,Type,Price,Content Rating,Genres,Last Updated,Current Ver,Android Ver
Home Workout - No Equipment,HEALTH_AND_FITNESS,4.8,428156,15M,"10,000,000+",Free,0,Everyone,Health & Fitness,"June 28, 2018",Varies with device,Varies with device
Step Counter - Calorie Counter,HEALTH_AND_FITNESS,4.0,1577,2.2M,"500,000+",Free,0,Everyone,Health & Fitness,"August 12, 2017",1.0.7,4.4 and up
Lose Belly Fat in 30 Days - Flat Stomach,HEALTH_AND_FITNESS,4.9,38098,11M,"5,000,000+",Free,0,Everyone,Health & Fitness,"June 21, 2018",1.0.4,4.2 and up
Pedometer - Step Counter Free & Calorie Burner,HEALTH_AND_FITNESS,4.8,31139,6.9M,"1,000,000+",Free,0,Everyone,Health & Fitness,"July 24, 2018",1.0.11,4.1 and up
Six Pack in 30 Days - Abs Workout,HEALTH_AND_FITNESS,4.9,272337,13M,"10,000,000+",Free,0,Everyone,Health & Fitness,"June 21, 2018",1.0.2,4.2 and up
Lose Weight in 30 Days,HEALTH_AND_FITNESS,4.8,220125,11M,"10,000,000+",Free,0,Everyone,Health & Fitness,"July 31, 2018",1.0.14,4.0 and up
Pedometer,HEALTH_AND_FITNESS,4.4,400592,2.9M,"10,000,000+",Free,0,Everyone,Health & Fitness,"July 4, 2018",5.23,4.0 and up
LG Health,HEALTH_AND_FITNESS,3.3,20098,25M,"10,000,000+",Free,0,Everyone,Health & Fitness,"May 14, 2018",5.31.75,4.4 and up
Step Counter - Pedometer Free & Calorie Counter,HEALTH_AND_FITNESS,4.7,117925,7.0M,"10,000,000+",Free,0,Everyone,Health & Fitness,"July 24, 2018",1.0.26,4.1 and up
"Pedometer, Step Counter & Weight Loss Tracker App",HEALTH_AND_FITNESS,4.6,548021,27M,"10,000,000+",Free,0,Everyone,Health & Fitness,"August 2, 2018",p5.7.1,4.1 and up
Sportractive GPS Running Cycling Distance Tracker,HEALTH_AND_FITNESS,4.8,48276,7.5M,"1,000,000+",Free,0,Everyone,Health & Fitness,"August 4, 2018",3.0.6,4.4 and up
30 Day Fitness Challenge - Workout at Home,HEALTH_AND_FITNESS,4.8,471036,Varies with device,"10,000,000+",Free,0,Everyone,Health & Fitness,"August 3, 2018",Varies with device,4.0 and up
Home Workout for Men - Bodybuilding,HEALTH_AND_FITNESS,4.8,12705,15M,"1,000,000+",Free,0,Everyone,Health & Fitness,"July 10, 2018",1.0.2,4.0 and up
Fat Burning Workout - Home Weight lose,HEALTH_AND_FITNESS,4.5,706,9.4M,"100,000+",Free,0,Everyone,Health & Fitness,"July 24, 2018",1.0.5,4.1 and up
Buttocks and Abdomen,HEALTH_AND_FITNESS,4.4,465,6.4M,"500,000+",Free,0,Everyone,Health & Fitness,"June 7, 2018",1.08,4.0.3 and up
Walking for Weight Loss - Walk Tracker,HEALTH_AND_FITNESS,4.5,644,5.5M,"100,000+",Free,0,Everyone,Health & Fitness,"July 25, 2018",1.0.4,4.1 and up
Running & Jogging,HEALTH_AND_FITNESS,4.5,6238,3.9M,"500,000+",Free,0,Everyone,Health & Fitness,"July 30, 2018",1.1.22,4.1 and up
Walk with Map My Walk,HEALTH_AND_FITNESS,4.5,144040,55M,"5,000,000+",Free,0,Everyone,Health & Fitness,"July 27, 2018",18.7.1,5.0 and up
Sleep Sounds,HEALTH_AND_FITNESS,4.8,51227,28M,"1,000,000+",Free,0,Everyone,Health & Fitness,"July 13, 2018",4.0.1,4.0.3 and up
Fitbit,HEALTH_AND_FITNESS,3.9,357417,Varies with device,"10,000,000+",Free,0,Everyone,Health & Fitness,"July 26, 2018",Varies with device,Varies with device
Lose Belly Fat-Home Abs Fitness Workout,HEALTH_AND_FITNESS,4.6,199,8.8M,"50,000+",Free,0,Everyone,Health & Fitness,"July 24, 2018",1.0.7,4.1 and up
Runtastic Running App & Mile Tracker,HEALTH_AND_FITNESS,4.5,827597,Varies with device,"10,000,000+",Free,0,Everyone,Health & Fitness,"July 25, 2018",Varies with device,Varies with device
Cycling - Bike Tracker,HEALTH_AND_FITNESS,4.5,9116,4.0M,"500,000+",Free,0,Everyone,Health & Fitness,"July 30, 2018",1.1.22,4.1 and up
Abs Training-Burn belly fat,HEALTH_AND_FITNESS,4.7,2071,6.9M,"100,000+",Free,0,Everyone,Health & Fitness,"July 24, 2018",1.0.12,4.1 and up
Calorie Counter - EasyFit free,HEALTH_AND_FITNESS,4.7,50294,11M,"1,000,000+",Free,0,Everyone,Health & Fitness,"July 9, 2018",3.0.7,4.1 and up
Nike+ Run Club,HEALTH_AND_FITNESS,4.4,708674,Varies with device,"10,000,000+",Free,0,Everyone,Health & Fitness,"July 12, 2018",2.17.0,4.4 and up
Aunjai i lert u,HEALTH_AND_FITNESS,4.2,1140,5.5M,"500,000+",Free,0,Teen,Health & Fitness,"January 10, 2017",1.5,3.0 and up
Garmin Connectâ„¢,HEALTH_AND_FITNESS,3.9,232153,Varies with device,"10,000,000+",Free,0,Everyone,Health & Fitness,"August 2, 2018",Varies with device,Varies with device
BetterMe: Weight Loss Workouts,HEALTH_AND_FITNESS,4.2,14709,15M,"5,000,000+",Free,0,Everyone,Health & Fitness,"July 26, 2018",2.8.2,5.0 and up
Bike Computer - GPS Cycling Tracker,HEALTH_AND_FITNESS,4.4,12029,4.3M,"1,000,000+",Free,0,Everyone,Health & Fitness,"August 4, 2018",2.6,4.2 and up
Calorie Counter - MyFitnessPal,HEALTH_AND_FITNESS,4.6,1873516,Varies with device,"50,000,000+",Free,0,Everyone,Health & Fitness,"July 31, 2018",Varies with device,Varies with device
Six Packs for Manâ€“Body Building with No Equipment,HEALTH_AND_FITNESS,4.6,2880,7.1M,"100,000+",Free,0,Everyone,Health & Fitness,"July 24, 2018",1.0.8,4.1 and up
Weight Watchers Mobile,HEALTH_AND_FITNESS,4.2,270267,58M,"5,000,000+",Free,0,Everyone,Health & Fitness,"July 31, 2018",6.15.0,4.1 and up
Endomondo - Running & Walking,HEALTH_AND_FITNESS,4.5,559186,Varies with device,"10,000,000+",Free,0,Everyone,Health & Fitness,"July 11, 2018",Varies with device,Varies with device
Running Distance Tracker +,HEALTH_AND_FITNESS,4.7,77777,Varies with device,"1,000,000+",Free,0,Everyone,Health & Fitness,"June 29, 2018",3.401,5.0 and up
The TK-App - everything under control,HEALTH_AND_FITNESS,4.5,8642,18M,"100,000+",Free,0,Everyone,Health & Fitness,"August 2, 2018",1.20,4.4 and up
Runkeeper - GPS Track Run Walk,HEALTH_AND_FITNESS,4.5,501144,Varies with device,"10,000,000+",Free,0,Everyone,Health & Fitness,"July 16, 2018",Varies with device,Varies with device
Walking: Pedometer diet,HEALTH_AND_FITNESS,3.7,1861,1.5M,"1,000,000+",Free,0,Everyone,Health & Fitness,"June 18, 2018",1.5,2.3 and up
Recipes for hair and face tried,HEALTH_AND_FITNESS,4.5,1203,6.5M,"500,000+",Free,0,Everyone,Health & Fitness,"October 16, 2016",1.2,2.3.3 and up
Abs Workout - 30 Days Fitness App for Six Pack Abs,HEALTH_AND_FITNESS,4.6,299,11M,"100,000+",Free,0,Everyone,Health & Fitness,"August 3, 2018",1.3.8,4.4 and up
8fit Workouts & Meal Planner,HEALTH_AND_FITNESS,4.6,115721,67M,"10,000,000+",Free,0,Everyone,Health & Fitness,"July 11, 2018",3.5.0,5.0 and up
Keep Trainer - Workout Trainer & Fitness Coach,HEALTH_AND_FITNESS,4.7,14810,Varies with device,"1,000,000+",Free,0,Everyone,Health & Fitness,"July 24, 2018",Varies with device,Varies with device
Run with Map My Run,HEALTH_AND_FITNESS,4.5,183662,57M,"5,000,000+",Free,0,Everyone,Health & Fitness,"July 27, 2018",18.7.1,5.0 and up
Weight Loss Running by Verv,HEALTH_AND_FITNESS,4.5,27393,59M,"1,000,000+",Free,0,Mature 17+,Health & Fitness,"July 16, 2018",6.5.3,4.1 and up
Couch to 10K Running Trainer,HEALTH_AND_FITNESS,4.6,10445,48M,"500,000+",Free,0,Everyone,Health & Fitness,"July 2, 2018",112.0,4.4 and up
PumpUp â€” Fitness Community,HEALTH_AND_FITNESS,4.0,49479,57M,"1,000,000+",Free,0,Teen,Health & Fitness,"July 10, 2018",5.13.0,5.0 and up
"Home workouts - fat burning, abs, legs, arms,chest",HEALTH_AND_FITNESS,4.3,4848,13M,"1,000,000+",Free,0,Everyone,Health & Fitness,"July 18, 2018",2.6,4.1 and up
Running Weight Loss Walking Jogging Hiking FITAPP,HEALTH_AND_FITNESS,4.4,20812,Varies with device,"1,000,000+",Free,0,Teen,Health & Fitness,"July 27, 2018",Varies with device,Varies with device
"Strava Training: Track Running, Cycling & Swimming",HEALTH_AND_FITNESS,4.5,328469,Varies with device,"10,000,000+",Free,0,Teen,Health & Fitness,"August 1, 2018",Varies with device,Varies with device
Workout Trainer: fitness coach,HEALTH_AND_FITNESS,4.2,100406,Varies with device,"10,000,000+",Free,0,Everyone,Health & Fitness,"June 30, 2018",Varies with device,Varies with device
"Fabulous: Motivate Me! Meditate, Relax, Sleep",HEALTH_AND_FITNESS,4.6,205299,31M,"5,000,000+",Free,0,Everyone,Health & Fitness,"July 16, 2018",3.48,4.1 and up
StrongLifts 5x5 Workout Gym Log & Personal Trainer,HEALTH_AND_FITNESS,4.9,66791,10M,"1,000,000+",Free,0,Everyone,Health & Fitness,"July 30, 2018",Varies with device,Varies with device
Run with Map My Run,HEALTH_AND_FITNESS,4.5,183669,57M,"5,000,000+",Free,0,Everyone,Health & Fitness,"July 27, 2018",18.7.1,5.0 and up
7 Minute Workout,HEALTH_AND_FITNESS,4.5,399009,Varies with device,"10,000,000+",Free,0,Everyone,Health & Fitness,"June 8, 2018",Varies with device,Varies with device
Workout Tracker & Gym Trainer - Fitness Log Book,HEALTH_AND_FITNESS,4.6,5420,21M,"500,000+",Free,0,Everyone,Health & Fitness,"June 5, 2018",2.48.3,4.1 and up
Freeletics: Personal Trainer & Fitness Workouts,HEALTH_AND_FITNESS,4.5,130104,25M,"10,000,000+",Free,0,Everyone,Health & Fitness,"August 3, 2018",5.3,5.0 and up
Nike Training Club - Workouts & Fitness Plans,HEALTH_AND_FITNESS,4.6,251534,93M,"10,000,000+",Free,0,Everyone,Health & Fitness,"July 18, 2018",5.14.0,5.0 and up
Fitbit Coach,HEALTH_AND_FITNESS,4.6,28951,60M,"1,000,000+",Free,0,Everyone,Health & Fitness,"July 16, 2018",4.4,4.4 and up
"JEFIT Workout Tracker, Weight Lifting, Gym Log App",HEALTH_AND_FITNESS,4.5,60096,27M,"5,000,000+",Free,0,Teen,Health & Fitness,"April 7, 2018",10.0,4.0.3 and up
Map My Ride GPS Cycling Riding,HEALTH_AND_FITNESS,4.5,106547,54M,"1,000,000+",Free,0,Everyone,Health & Fitness,"July 27, 2018",18.7.1,5.0 and up
Daily Workouts - Exercise Fitness Routine Trainer,HEALTH_AND_FITNESS,4.4,134195,Varies with device,"10,000,000+",Free,0,Everyone,Health & Fitness,"June 14, 2018",Varies with device,Varies with device
Google Fit - Fitness Tracking,HEALTH_AND_FITNESS,3.9,249855,Varies with device,"10,000,000+",Free,0,Everyone,Health & Fitness,"July 24, 2018",Varies with device,Varies with device
Weight Loss Running by Verv,HEALTH_AND_FITNESS,4.5,27396,59M,"1,000,000+",Free,0,Mature 17+,Health & Fitness,"July 16, 2018",6.5.3,4.1 and up
Nike+ Run Club,HEALTH_AND_FITNESS,4.4,708710,Varies with device,"10,000,000+",Free,0,Everyone,Health & Fitness,"July 12, 2018",2.17.0,4.4 and up
Sworkit: Workouts & Fitness Plans,HEALTH_AND_FITNESS,4.6,109756,78M,"5,000,000+",Free,0,Everyone,Health & Fitness,"August 1, 2018",8.2.0,4.0.3 and up
Map My Fitness Workout Trainer,HEALTH_AND_FITNESS,4.4,38343,55M,"1,000,000+",Free,0,Everyone,Health & Fitness,"July 27, 2018",18.7.1,5.0 and up
Sports Tracker Running Cycling,HEALTH_AND_FITNESS,4.5,190247,Varies with device,"5,000,000+",Free,0,Everyone,Health & Fitness,"August 3, 2018",Varies with device,Varies with device
Runtastic Running App & Mile Tracker,HEALTH_AND_FITNESS,4.5,827651,Varies with device,"10,000,000+",Free,0,Everyone,Health & Fitness,"July 25, 2018",Varies with device,Varies with device
8fit Workouts & Meal Planner,HEALTH_AND_FITNESS,4.6,115721,67M,"10,000,000+",Free,0,Everyone,Health & Fitness,"July 11, 2018",3.5.0,5.0 and up
Seven - 7 Minute Workout Training Challenge,HEALTH_AND_FITNESS,4.5,75571,Varies with device,"1,000,000+",Free,0,Everyone,Health & Fitness,"August 3, 2018",7.2.5,Varies with device
Daily Yoga - Yoga Fitness Plans,HEALTH_AND_FITNESS,4.4,70769,35M,"5,000,000+",Free,0,Everyone,Health & Fitness,"July 24, 2018",6.2.73,4.0 and up
Pocket Yoga,HEALTH_AND_FITNESS,4.4,2107,Varies with device,"100,000+",Paid,$2.99,Everyone,Health & Fitness,"December 22, 2015",Varies with device,Varies with device
Relax Meditation: Sleep with Sleep Sounds,HEALTH_AND_FITNESS,4.4,26540,43M,"1,000,000+",Free,0,Everyone,Health & Fitness,"February 9, 2017",2.5.1,4.0.3 and up
Free Meditation - Take a Break,HEALTH_AND_FITNESS,4.2,1608,39M,"100,000+",Free,0,Everyone,Health & Fitness,"July 28, 2016",6.7,2.3.3 and up
Meditate OM,HEALTH_AND_FITNESS,4.5,19074,4.2M,"1,000,000+",Free,0,Everyone,Health & Fitness,"January 17, 2018",16.0,4.0 and up
Yoga - Track Yoga,HEALTH_AND_FITNESS,4.5,7976,44M,"500,000+",Free,0,Everyone,Health & Fitness,"July 9, 2018",7.0,4.0.3 and up
My Chakra Meditation,HEALTH_AND_FITNESS,4.4,7586,45M,"500,000+",Free,0,Everyone,Health & Fitness,"April 10, 2018",1.0.6,2.3.3 and up
Relax with Andrew Johnson Lite,HEALTH_AND_FITNESS,4.3,2885,Varies with device,"100,000+",Free,0,Everyone,Health & Fitness,"June 19, 2012",Varies with device,Varies with device
"Meditation Music - Relax, Yoga",HEALTH_AND_FITNESS,4.6,48226,28M,"1,000,000+",Free,0,Everyone,Health & Fitness,"March 5, 2018",3.1.9,4.0.3 and up
Meditation Studio,HEALTH_AND_FITNESS,4.6,1026,29M,"10,000+",Paid,$3.99,Everyone,Health & Fitness,"May 15, 2018",1.0.6,4.3 and up
Down Dog: Great Yoga Anywhere,HEALTH_AND_FITNESS,4.9,28945,12M,"500,000+",Free,0,Teen,Health & Fitness,"May 17, 2018",2.6.1,4.2 and up
21-Day Meditation Experience,HEALTH_AND_FITNESS,4.4,11506,15M,"100,000+",Free,0,Everyone,Health & Fitness,"August 2, 2018",3.0.0,4.1 and up
My Chakra Meditation 2,HEALTH_AND_FITNESS,4.3,1288,31M,"100,000+",Free,0,Everyone,Health & Fitness,"April 10, 2018",2.0.4,2.3.3 and up
Simply Yoga - Fitness Trainer for Workouts & Poses,HEALTH_AND_FITNESS,4.1,6826,Varies with device,"1,000,000+",Free,0,Everyone,Health & Fitness,"June 14, 2018",Varies with device,Varies with device
"Calm - Meditate, Sleep, Relax",HEALTH_AND_FITNESS,4.6,111450,Varies with device,"5,000,000+",Free,0,Everyone,Health & Fitness,"August 5, 2018",Varies with device,Varies with device
Relax Melodies P: Sleep Sounds,HEALTH_AND_FITNESS,4.8,19543,Varies with device,"100,000+",Paid,$2.99,Everyone,Health & Fitness,"January 19, 2018",Varies with device,Varies with device
Relax Melodies: Sleep Sounds,HEALTH_AND_FITNESS,4.5,233243,Varies with device,"5,000,000+",Free,0,Everyone,Health & Fitness,"July 23, 2018",Varies with device,Varies with device
Simple Habit Meditation,HEALTH_AND_FITNESS,4.7,11689,20M,"500,000+",Free,0,Everyone,Health & Fitness,"July 27, 2018",1.29.15,4.4 and up
Headspace: Meditation & Mindfulness,HEALTH_AND_FITNESS,4.6,77563,39M,"10,000,000+",Free,0,Everyone,Health & Fitness,"July 23, 2018",3.6.4,4.2 and up
Yoga Studio: Mind & Body,HEALTH_AND_FITNESS,4.3,5499,94M,"100,000+",Free,0,Everyone,Health & Fitness,"July 23, 2018",2.0.16,4.1 and up
Daily Yoga - Yoga Fitness Plans,HEALTH_AND_FITNESS,4.4,70769,35M,"5,000,000+",Free,0,Everyone,Health & Fitness,"July 24, 2018",6.2.73,4.0 and up
Pocket Yoga,HEALTH_AND_FITNESS,4.4,2107,Varies with device,"100,000+",Paid,$2.99,Everyone,Health & Fitness,"December 22, 2015",Varies with device,Varies with device
Pregnancy & Baby Tracker,HEALTH_AND_FITNESS,4.6,48286,Varies with device,"1,000,000+",Free,0,Everyone,Health & Fitness,"July 27, 2018",Varies with device,Varies with device
My Cycles Period and Ovulation,HEALTH_AND_FITNESS,4.3,26652,41M,"1,000,000+",Free,0,Everyone,Health & Fitness,"May 4, 2018",2.3.3,4.0.3 and up
Iâ€™m Expecting - Pregnancy App,HEALTH_AND_FITNESS,4.6,71269,49M,"1,000,000+",Free,0,Everyone,Health & Fitness,"March 30, 2018",2.3.2,4.0.3 and up
The Bump Pregnancy Tracker,HEALTH_AND_FITNESS,4.6,20301,22M,"1,000,000+",Free,0,Everyone,Health & Fitness,"May 16, 2018",3.22,4.3 and up
My Days - Ovulation Calendar & Period Tracker â„¢,HEALTH_AND_FITNESS,4.5,93691,Varies with device,"5,000,000+",Free,0,Everyone,Health & Fitness,"July 5, 2018",Varies with device,Varies with device
Best Ovulation Tracker Fertility Calendar App Glow,HEALTH_AND_FITNESS,4.6,56145,23M,"1,000,000+",Free,0,Everyone,Health & Fitness,"August 1, 2018",7.3.4-play,5.0 and up
"Eve Period Tracker - Love, Sex & Relationships App",HEALTH_AND_FITNESS,4.6,20326,28M,"1,000,000+",Free,0,Teen,Health & Fitness,"August 4, 2018",2.9.18,4.1 and up
Fertility Friend Ovulation App,HEALTH_AND_FITNESS,4.5,12955,7.2M,"1,000,000+",Free,0,Teen,Health & Fitness,"June 27, 2018",10.24,4.4 and up
Pregnancy Tracker,HEALTH_AND_FITNESS,4.1,2681,6.5M,"500,000+",Free,0,Everyone,Health & Fitness,"February 10, 2018",37,4.0.3 and up
Period Tracker,HEALTH_AND_FITNESS,4.5,325738,Varies with device,"10,000,000+",Free,0,Everyone,Health & Fitness,"July 28, 2018",Varies with device,Varies with device
"Spot On Period, Birth Control, & Cycle Tracker",HEALTH_AND_FITNESS,4.6,4102,24M,"500,000+",Free,0,Everyone 10+,Health & Fitness,"July 19, 2018",2.6.1,4.2 and up
OvuView: Ovulation and Fertility,HEALTH_AND_FITNESS,4.5,40296,Varies with device,"1,000,000+",Free,0,Everyone,Health & Fitness,"June 15, 2018",Varies with device,Varies with device
Period Tracker - Period Calendar Ovulation Tracker,HEALTH_AND_FITNESS,4.8,4559407,Varies with device,"100,000,000+",Free,0,Everyone,Health & Fitness,"August 1, 2018",Varies with device,Varies with device
Period Tracker Clue: Period and Ovulation Tracker,HEALTH_AND_FITNESS,4.8,570242,20M,"10,000,000+",Free,0,Everyone,Health & Fitness,"August 2, 2018",5.0.2,4.1 and up
Calorie Counter - MyFitnessPal,HEALTH_AND_FITNESS,4.6,1873523,Varies with device,"50,000,000+",Free,0,Everyone,Health & Fitness,"July 31, 2018",Varies with device,Varies with device
WomanLog Calendar,HEALTH_AND_FITNESS,4.5,121838,15M,"5,000,000+",Free,0,Everyone,Health & Fitness,"May 23, 2018",5.5.1,4.0.3 and up
GeocachingÂ®,HEALTH_AND_FITNESS,4.1,62616,Varies with device,"5,000,000+",Free,0,Teen,Health & Fitness,"August 2, 2018",Varies with device,Varies with device
Map My Hike GPS Hiking,HEALTH_AND_FITNESS,4.4,12858,55M,"500,000+",Free,0,Everyone,Health & Fitness,"July 27, 2018",18.7.1,5.0 and up
"ViewRanger - Hike, Ride or Walk",HEALTH_AND_FITNESS,4.2,34356,Varies with device,"1,000,000+",Free,0,Everyone,Health & Fitness,"July 31, 2018",Varies with device,Varies with device
Runtastic Mountain Bike GPS Tracker,HEALTH_AND_FITNESS,4.5,50679,38M,"1,000,000+",Free,0,Everyone,Health & Fitness,"August 1, 2018",3.6.2,4.4 and up
"AllTrails: Hiking, Running & Mountain Bike Trails",HEALTH_AND_FITNESS,4.3,16943,32M,"1,000,000+",Free,0,Everyone,Health & Fitness,"July 30, 2018",8.8.14,4.4 and up
Water Drink Reminder,HEALTH_AND_FITNESS,4.6,524299,Varies with device,"10,000,000+",Free,0,Everyone,Health & Fitness,"June 29, 2018",Varies with device,Varies with device
"Zombies, Run! 5k Training (Free)",HEALTH_AND_FITNESS,4.0,267,Varies with device,"50,000+",Free,0,Teen,Health & Fitness,"August 1, 2018",Varies with device,Varies with device
Tracks,HEALTH_AND_FITNESS,4.6,623,40M,"50,000+",Free,0,Everyone 10+,Health & Fitness,"July 17, 2017",1.2.3,4.0.3 and up
Weight Loss Running by Verv,HEALTH_AND_FITNESS,4.5,27396,59M,"1,000,000+",Free,0,Mature 17+,Health & Fitness,"July 16, 2018",6.5.3,4.1 and up
Nike+ Run Club,HEALTH_AND_FITNESS,4.4,708710,Varies with device,"10,000,000+",Free,0,Everyone,Health & Fitness,"July 12, 2018",2.17.0,4.4 and up
Seven - 7 Minute Workout Training Challenge,HEALTH_AND_FITNESS,4.5,75571,Varies with device,"1,000,000+",Free,0,Everyone,Health & Fitness,"August 3, 2018",7.2.5,Varies with device
"YAZIO Calorie Counter, Nutrition Diary & Diet Plan",HEALTH_AND_FITNESS,4.6,117176,Varies with device,"5,000,000+",Free,0,Everyone,Health & Fitness,"July 7, 2018",Varies with device,Varies with device
"Technutri - calorie counter, diet and carb tracker",HEALTH_AND_FITNESS,4.4,70416,23M,"5,000,000+",Free,0,Everyone,Health & Fitness,"July 27, 2018",3.19.4,4.1 and up
Couch to 5K by RunDouble,HEALTH_AND_FITNESS,4.7,15674,6.1M,"1,000,000+",Free,0,Everyone,Health & Fitness,"July 31, 2018",4.5.4,4.1 and up
Fooducate Healthy Weight Loss & Calorie Counter,HEALTH_AND_FITNESS,4.4,14402,Varies with device,"1,000,000+",Free,0,Everyone,Health & Fitness,"August 3, 2018",Varies with device,Varies with device
Weight Watchers Mobile,HEALTH_AND_FITNESS,4.2,270294,58M,"5,000,000+",Free,0,Everyone,Health & Fitness,"July 31, 2018",6.15.0,4.1 and up
Walk with Map My Walk,HEALTH_AND_FITNESS,4.5,144050,55M,"5,000,000+",Free,0,Everyone,Health & Fitness,"July 27, 2018",18.7.1,5.0 and up
Workout Trainer: fitness coach,HEALTH_AND_FITNESS,4.2,100406,Varies with device,"10,000,000+",Free,0,Everyone,Health & Fitness,"June 30, 2018",Varies with device,Varies with device
My Diet Coach - Weight Loss Motivation & Tracker,HEALTH_AND_FITNESS,4.4,141163,Varies with device,"10,000,000+",Free,0,Everyone,Health & Fitness,"June 11, 2018",Varies with device,Varies with device
Run with Map My Run,HEALTH_AND_FITNESS,4.5,183669,57M,"5,000,000+",Free,0,Everyone,Health & Fitness,"July 27, 2018",18.7.1,5.0 and up
Nike Training Club - Workouts & Fitness Plans,HEALTH_AND_FITNESS,4.6,251534,93M,"10,000,000+",Free,0,Everyone,Health & Fitness,"July 18, 2018",5.14.0,5.0 and up
Fitbit Coach,HEALTH_AND_FITNESS,4.6,28951,60M,"1,000,000+",Free,0,Everyone,Health & Fitness,"July 16, 2018",4.4,4.4 and up
Calorie Counter - MyFitnessPal,HEALTH_AND_FITNESS,4.6,1873520,Varies with device,"50,000,000+",Free,0,Everyone,Health & Fitness,"July 31, 2018",Varies with device,Varies with device
Endomondo - Running & Walking,HEALTH_AND_FITNESS,4.5,559262,Varies with device,"10,000,000+",Free,0,Everyone,Health & Fitness,"July 11, 2018",Varies with device,Varies with device
Runkeeper - GPS Track Run Walk,HEALTH_AND_FITNESS,4.5,501144,Varies with device,"10,000,000+",Free,0,Everyone,Health & Fitness,"July 16, 2018",Varies with device,Varies with device
Nike+ Run Club,HEALTH_AND_FITNESS,4.4,708753,Varies with device,"10,000,000+",Free,0,Everyone,Health & Fitness,"July 12, 2018",2.17.0,4.4 and up
Lose It! - Calorie Counter,HEALTH_AND_FITNESS,4.4,69395,Varies with device,"10,000,000+",Free,0,Everyone,Health & Fitness,"August 3, 2018",Varies with device,Varies with device
Runtastic Running App & Mile Tracker,HEALTH_AND_FITNESS,4.5,827653,Varies with device,"10,000,000+",Free,0,Everyone,Health & Fitness,"July 25, 2018",Varies with device,Varies with device
Calorie Counter - MyNetDiary,HEALTH_AND_FITNESS,4.5,27439,19M,"1,000,000+",Free,0,Everyone,Health & Fitness,"July 16, 2018",6.5.1,5.0 and up
10 Best Foods for You,HEALTH_AND_FITNESS,4.0,2490,3.8M,"500,000+",Free,0,Everyone 10+,Health & Fitness,"February 17, 2017",1.9,2.3.3 and up
MyPlate Calorie Tracker,HEALTH_AND_FITNESS,4.6,24094,18M,"1,000,000+",Free,0,Everyone,Health & Fitness,"July 9, 2018",3.3.0(1),4.1 and up
My Diet Diary Calorie Counter,HEALTH_AND_FITNESS,4.1,18539,57M,"1,000,000+",Free,0,Everyone,Health & Fitness,"July 30, 2018",1.11.4,4.0.3 and up
Calorie Counter - Macros,HEALTH_AND_FITNESS,4.0,3061,5.5M,"100,000+",Free,0,Everyone,Health & Fitness,"August 27, 2016",2.3.4,5.0 and up
Calorie Counter by FatSecret,HEALTH_AND_FITNESS,4.4,229210,Varies with device,"10,000,000+",Free,0,Everyone,Health & Fitness,"July 31, 2018",Varies with device,Varies with device
Weight Loss Tracker - RecStyle,HEALTH_AND_FITNESS,4.4,20547,5.7M,"1,000,000+",Free,0,Everyone,Health & Fitness,"November 29, 2017",3.2.7,4.1 and up
Lark - 24/7 Health Coach,HEALTH_AND_FITNESS,4.1,3405,51M,"100,000+",Free,0,Everyone,Health & Fitness,"July 25, 2018",4.5.1.123,4.4 and up
MealLogger-Photo Food Journal,HEALTH_AND_FITNESS,3.5,217,9.4M,"50,000+",Free,0,Teen,Health & Fitness,"August 23, 2017",4.6.2,4.0.3 and up
Health and Nutrition Guide,HEALTH_AND_FITNESS,4.3,7895,3.3M,"500,000+",Free,0,Everyone,Health & Fitness,"July 15, 2018",3.3,4.0 and up
Calorie Counter & Diet Tracker,HEALTH_AND_FITNESS,4.5,32606,Varies with device,"1,000,000+",Free,0,Everyone,Health & Fitness,"March 22, 2018",Varies with device,Varies with device
Food Calorie Calculator,HEALTH_AND_FITNESS,4.2,1324,4.0M,"100,000+",Free,0,Everyone,Health & Fitness,"January 29, 2018",10.2.0,4.0 and up
Calorie Counter - MyFitnessPal,HEALTH_AND_FITNESS,4.6,1873520,Varies with device,"50,000,000+",Free,0,Everyone,Health & Fitness,"July 31, 2018",Varies with device,Varies with device
Lose It! - Calorie Counter,HEALTH_AND_FITNESS,4.4,69395,Varies with device,"10,000,000+",Free,0,Everyone,Health & Fitness,"August 3, 2018",Varies with device,Varies with device
Calorie Counter - MyNetDiary,HEALTH_AND_FITNESS,4.5,27439,19M,"1,000,000+",Free,0,Everyone,Health & Fitness,"July 16, 2018",6.5.1,5.0 and up
10 Best Foods for You,HEALTH_AND_FITNESS,4.0,2490,3.8M,"500,000+",Free,0,Everyone 10+,Health & Fitness,"February 17, 2017",1.9,2.3.3 and up
Monitor Your Weight,HEALTH_AND_FITNESS,4.5,126017,4.3M,"5,000,000+",Free,0,Everyone,Health & Fitness,"July 5, 2018",4.9.8.1,4.0 and up
MyPlate Calorie Tracker,HEALTH_AND_FITNESS,4.6,24094,18M,"1,000,000+",Free,0,Everyone,Health & Fitness,"July 9, 2018",3.3.0(1),4.1 and up
Weight Loss Tracker - RecStyle,HEALTH_AND_FITNESS,4.4,20547,5.7M,"1,000,000+",Free,0,Everyone,Health & Fitness,"November 29, 2017",3.2.7,4.1 and up
Calorie Counter by FatSecret,HEALTH_AND_FITNESS,4.4,229214,Varies with device,"10,000,000+",Free,0,Everyone,Health & Fitness,"July 31, 2018",Varies with device,Varies with device
Eat Fit - Diet and Health Free,HEALTH_AND_FITNESS,4.1,2469,3.6M,"100,000+",Free,0,Everyone,Health & Fitness,"July 23, 2014",1.0.9,2.3 and up
Calorie Counter - Macros,HEALTH_AND_FITNESS,4.0,3061,5.5M,"100,000+",Free,0,Everyone,Health & Fitness,"August 27, 2016",2.3.4,5.0 and up
My Diet Diary Calorie Counter,HEALTH_AND_FITNESS,4.1,18539,57M,"1,000,000+",Free,0,Everyone,Health & Fitness,"July 30, 2018",1.11.4,4.0.3 and up
Lark - 24/7 Health Coach,HEALTH_AND_FITNESS,4.1,3405,51M,"100,000+",Free,0,Everyone,Health & Fitness,"July 25, 2018",4.5.1.123,4.4 and up
Weight Watchers Mobile,HEALTH_AND_FITNESS,4.2,270294,58M,"5,000,000+",Free,0,Everyone,Health & Fitness,"July 31, 2018",6.15.0,4.1 and up
Calorie Counter & Diet Tracker,HEALTH_AND_FITNESS,4.5,32606,Varies with device,"1,000,000+",Free,0,Everyone,Health & Fitness,"March 22, 2018",Varies with device,Varies with device
MealLogger-Photo Food Journal,HEALTH_AND_FITNESS,3.5,217,9.4M,"50,000+",Free,0,Teen,Health & Fitness,"August 23, 2017",4.6.2,4.0.3 and up
Health and Nutrition Guide,HEALTH_AND_FITNESS,4.3,7895,3.3M,"500,000+",Free,0,Everyone,Health & Fitness,"July 15, 2018",3.3,4.0 and up
Food Calorie Calculator,HEALTH_AND_FITNESS,4.2,1324,4.0M,"100,000+",Free,0,Everyone,Health & Fitness,"January 29, 2018",10.2.0,4.0 and up
Calorie Counter - MyFitnessPal,HEALTH_AND_FITNESS,4.6,1873523,Varies with device,"50,000,000+",Free,0,Everyone,Health & Fitness,"July 31, 2018",Varies with device,Varies with device
Lose It! - Calorie Counter,HEALTH_AND_FITNESS,4.4,69395,Varies with device,"10,000,000+",Free,0,Everyone,Health & Fitness,"August 3, 2018",Varies with device,Varies with device
Self Healing,HEALTH_AND_FITNESS,4.5,14394,9.9M,"500,000+",Free,0,Everyone,Health & Fitness,"July 16, 2017",Public.Heal,4.0.3 and up
Relax Meditation: Sleep with Sleep Sounds,HEALTH_AND_FITNESS,4.4,26540,43M,"1,000,000+",Free,0,Everyone,Health & Fitness,"February 9, 2017",2.5.1,4.0.3 and up
Happify,HEALTH_AND_FITNESS,3.7,1812,37M,"100,000+",Free,0,Everyone,Health & Fitness,"July 24, 2018",1.31.0-15160.950adac99,4.4 and up
Binaural Beats Therapy,HEALTH_AND_FITNESS,4.3,13724,Varies with device,"1,000,000+",Free,0,Everyone,Health & Fitness,"August 17, 2017",Varies with device,Varies with device
Pacifica - Stress & Anxiety,HEALTH_AND_FITNESS,4.5,10253,Varies with device,"500,000+",Free,0,Teen,Health & Fitness,"July 9, 2018",6.3.1,Varies with device
Relaxing Sounds,HEALTH_AND_FITNESS,4.6,4642,40M,"100,000+",Free,0,Everyone,Health & Fitness,"March 11, 2017",1.92,4.1 and up
White Sound Pro,HEALTH_AND_FITNESS,4.7,16570,73M,"500,000+",Free,0,Everyone,Health & Fitness,"July 29, 2018",4.8.0,4.4 and up
"Meditation Music - Relax, Yoga",HEALTH_AND_FITNESS,4.6,48226,28M,"1,000,000+",Free,0,Everyone,Health & Fitness,"March 5, 2018",3.1.9,4.0.3 and up
Insight Timer - Free Meditation App,HEALTH_AND_FITNESS,4.6,20161,Varies with device,"1,000,000+",Free,0,Everyone,Health & Fitness,"August 1, 2018",Varies with device,Varies with device
Self-help Anxiety Management,HEALTH_AND_FITNESS,4.0,2894,23M,"500,000+",Free,0,Everyone 10+,Health & Fitness,"February 22, 2017",1.2.6,4.0.3 and up
Brain Waves - Binaural Beats,HEALTH_AND_FITNESS,4.4,5038,10M,"500,000+",Free,0,Everyone,Health & Fitness,"July 15, 2018",5.2,4.4 and up
21-Day Meditation Experience,HEALTH_AND_FITNESS,4.4,11506,15M,"100,000+",Free,0,Everyone,Health & Fitness,"August 2, 2018",3.0.0,4.1 and up
Prana Breath: Calm & Meditate,HEALTH_AND_FITNESS,4.8,31665,8.4M,"1,000,000+",Free,0,Everyone,Health & Fitness,"July 19, 2018",8.2.0_8,4.0 and up
"Fabulous: Motivate Me! Meditate, Relax, Sleep",HEALTH_AND_FITNESS,4.6,205299,31M,"5,000,000+",Free,0,Everyone,Health & Fitness,"July 16, 2018",3.48,4.1 and up
7 Cups: Anxiety & Stress Chat,HEALTH_AND_FITNESS,4.2,13799,Varies with device,"500,000+",Free,0,Teen,Health & Fitness,"July 31, 2018",Varies with device,Varies with device
"Calm - Meditate, Sleep, Relax",HEALTH_AND_FITNESS,4.6,111455,Varies with device,"5,000,000+",Free,0,Everyone,Health & Fitness,"August 5, 2018",Varies with device,Varies with device
Runtastic Sleep Better: Sleep Cycle & Smart Alarm,HEALTH_AND_FITNESS,4.1,111462,Varies with device,"5,000,000+",Free,0,Everyone,Health & Fitness,"July 25, 2018",Varies with device,Varies with device
White Noise Lite,HEALTH_AND_FITNESS,4.4,57634,41M,"1,000,000+",Free,0,Everyone,Health & Fitness,"June 25, 2018",7.4,4.1 and up
Relax Melodies: Sleep Sounds,HEALTH_AND_FITNESS,4.5,233243,Varies with device,"5,000,000+",Free,0,Everyone,Health & Fitness,"July 23, 2018",Varies with device,Varies with device
"Stop, Breathe & Think: Meditation & Mindfulness",HEALTH_AND_FITNESS,4.3,8576,Varies with device,"1,000,000+",Free,0,Everyone,Health & Fitness,"July 28, 2018",Varies with device,Varies with device
Simple Habit Meditation,HEALTH_AND_FITNESS,4.7,11689,20M,"500,000+",Free,0,Everyone,Health & Fitness,"July 27, 2018",1.29.15,4.4 and up
Headspace: Meditation & Mindfulness,HEALTH_AND_FITNESS,4.6,77563,39M,"10,000,000+",Free,0,Everyone,Health & Fitness,"July 23, 2018",3.6.4,4.2 and up
Daily Yoga - Yoga Fitness Plans,HEALTH_AND_FITNESS,4.4,70769,35M,"5,000,000+",Free,0,Everyone,Health & Fitness,"July 24, 2018",6.2.73,4.0 and up
Oral-B App,HEALTH_AND_FITNESS,3.3,14210,96M,"1,000,000+",Free,0,Everyone,Health & Fitness,"July 19, 2018",6.0.1,5.0 and up
"f.lux (preview, root-only)",HEALTH_AND_FITNESS,3.7,5559,3.7M,"500,000+",Free,0,Everyone,Health & Fitness,"March 15, 2016",22.0,4.0.3 and up
HPlus,HEALTH_AND_FITNESS,2.9,1786,5.9M,"100,000+",Free,0,Everyone,Health & Fitness,"June 12, 2018",3.5.2,4.4 and up
H Band 2.0,HEALTH_AND_FITNESS,2.9,4031,8.9M,"500,000+",Free,0,Everyone,Health & Fitness,"June 15, 2018",3.0.2,4.4 and up
H-Connect,HEALTH_AND_FITNESS,4.0,50,15M,"5,000+",Free,0,Everyone,Health & Fitness,"July 3, 2018",2.14,4.4 and up
H Band,HEALTH_AND_FITNESS,4.0,214,8.9M,"10,000+",Free,0,Everyone,Health & Fitness,"June 13, 2018",3.0.2,4.4 and up
J - Style Pro,HEALTH_AND_FITNESS,2.3,74,2.6M,"10,000+",Free,0,Everyone,Health & Fitness,"January 20, 2016",1.1,4.3 and up
K Health,HEALTH_AND_FITNESS,4.1,290,40M,"50,000+",Free,0,Teen,Health & Fitness,"July 22, 2018",1.7.2992,4.1 and up
Iâ€™m Expecting - Pregnancy App,HEALTH_AND_FITNESS,4.6,71266,49M,"1,000,000+",Free,0,Everyone,Health & Fitness,"March 30, 2018",2.3.2,4.0.3 and up
Vi Trainer,HEALTH_AND_FITNESS,3.6,124,100M,"5,000+",Free,0,Everyone,Health & Fitness,"August 2, 2018",2.0.0.11,5.0 and up
Six Pack in 30 Days - Abs Workout,HEALTH_AND_FITNESS,4.9,272172,13M,"10,000,000+",Free,0,Everyone,Health & Fitness,"June 21, 2018",1.0.2,4.2 and up
30 Day Ab Challenge,HEALTH_AND_FITNESS,4.5,1886,7.6M,"500,000+",Free,0,Everyone,Health & Fitness,"June 21, 2016",3.2.1,4.0 and up
Ultimate Ab & Core Workouts,HEALTH_AND_FITNESS,4.7,55571,12M,"1,000,000+",Free,0,Everyone,Health & Fitness,"February 21, 2018",1.23,4.0 and up
Abs Workout - Burn Belly Fat with No Equipment,HEALTH_AND_FITNESS,4.8,69279,10M,"10,000,000+",Free,0,Everyone,Health & Fitness,"July 23, 2018",1.1.8,4.2 and up
6 Pack Promise - Ultimate Abs,HEALTH_AND_FITNESS,4.6,18921,Varies with device,"1,000,000+",Free,0,Everyone,Health & Fitness,"August 4, 2018",Varies with device,Varies with device
"Abs, Core & Back Workout Challenge",HEALTH_AND_FITNESS,4.8,3908,33M,"100,000+",Free,0,Everyone,Health & Fitness,"July 9, 2018",1.5.8,4.1 and up
AB Mobile App,HEALTH_AND_FITNESS,3.4,2105,8.2M,"100,000+",Free,0,Everyone,Health & Fitness,"August 21, 2017",2.1.0,4.0.3 and up
Daily Ab Workout,HEALTH_AND_FITNESS,4.6,2901,Varies with device,"50,000+",Paid,$1.99,Everyone,Health & Fitness,"June 14, 2018",Varies with device,Varies with device
Daily Ab Workout - Core & Abs Fitness Exercises,HEALTH_AND_FITNESS,4.4,44939,Varies with device,"10,000,000+",Free,0,Everyone,Health & Fitness,"June 14, 2018",Varies with device,Varies with device
Abs workout 7 minutes,HEALTH_AND_FITNESS,4.6,37224,Varies with device,"1,000,000+",Free,0,Everyone,Health & Fitness,"June 13, 2018",Varies with device,Varies with device
30 Day Ab Challenge FREE,HEALTH_AND_FITNESS,4.3,48253,Varies with device,"1,000,000+",Free,0,Everyone,Health & Fitness,"December 13, 2017",Varies with device,Varies with device
"ABS Workout - Belly workout, 30 days AB",HEALTH_AND_FITNESS,4.8,5103,Varies with device,"100,000+",Free,0,Everyone,Health & Fitness,"July 13, 2018",2.0.5,4.0.3 and up
7 minute abs workout - Daily Ab Workout,HEALTH_AND_FITNESS,4.8,527,23M,"100,000+",Free,0,Everyone,Health & Fitness,"March 30, 2018",2.01,4.1 and up
5 Minute Ab Workouts,HEALTH_AND_FITNESS,4.6,2067,8.4M,"50,000+",Free,0,Everyone,Health & Fitness,"May 18, 2018",2.0.4,4.1 and up
30 Day AB Challenge - Lumowell,HEALTH_AND_FITNESS,4.8,793,40M,"10,000+",Free,0,Everyone,Health & Fitness,"September 15, 2016",1.0.3,4.0.3 and up
Ab Workouts,HEALTH_AND_FITNESS,4.1,27501,7.0M,"1,000,000+",Free,0,Everyone,Health & Fitness,"January 5, 2018",5.1.9,4.0 and up
Ab Workouts - Ab Generator,HEALTH_AND_FITNESS,4.7,21,3.8M,"1,000+",Free,0,Everyone,Health & Fitness,"December 31, 2016",2.0.0,4.1 and up
Abs workout - 21 Day Fitness Challenge,HEALTH_AND_FITNESS,4.8,18604,15M,"1,000,000+",Free,0,Everyone,Health & Fitness,"May 2, 2018",1.0.0.9,4.1 and up
Ladies' Ab Workout FREE,HEALTH_AND_FITNESS,4.0,12906,8.5M,"1,000,000+",Free,0,Everyone,Health & Fitness,"October 8, 2012",1.01,2.1 and up
30-Day Ab Challenge Tracker,HEALTH_AND_FITNESS,3.5,224,371k,"10,000+",Free,0,Everyone,Health & Fitness,"July 9, 2014",1.2.6,4.1 and up
cronometer (ad free),HEALTH_AND_FITNESS,3.9,1075,8.3M,"50,000+",Paid,$2.99,Everyone,Health & Fitness,"July 13, 2018",2.1.2,4.4 and up
AF Hydro,HEALTH_AND_FITNESS,2.0,136,15M,"10,000+",Free,0,Everyone,Health & Fitness,"May 12, 2018",1.0.5,4.4 and up
AF Nutrition - Integratori,HEALTH_AND_FITNESS,,6,19M,100+,Free,0,Everyone,Health & Fitness,"August 2, 2018",1.3,4.1 and up
AH Connect (Adventist Health),HEALTH_AND_FITNESS,3.4,5,59M,"1,000+",Free,0,Everyone,Health & Fitness,"January 23, 2018",3.5.1,4.4 and up
be'ah,HEALTH_AND_FITNESS,,5,5.7M,10+,Free,0,Everyone,Health & Fitness,"March 28, 2018",1.0,2.3 and up
We're Working Out - Al Kavadlo,HEALTH_AND_FITNESS,4.3,979,Varies with device,"50,000+",Free,0,Everyone,Health & Fitness,"December 24, 2017",Varies with device,Varies with device
AQ Dentals,HEALTH_AND_FITNESS,,0,12M,10+,Free,0,Everyone,Health & Fitness,"December 22, 2017",1.0.1,4.1 and up
Sleep as Android Gear Addon,HEALTH_AND_FITNESS,2.8,961,1.3M,"100,000+",Free,0,Everyone,Health & Fitness,"February 27, 2018",1.5,4.0 and up
Sleep as Android Garmin Addon,HEALTH_AND_FITNESS,2.6,114,1.6M,"10,000+",Free,0,Everyone,Health & Fitness,"June 20, 2018",20180620,2.3 and up
Lullaby Add-on for Sleep as Android,HEALTH_AND_FITNESS,3.9,2057,6.2M,"50,000+",Paid,$1.99,Everyone,Health & Fitness,"October 18, 2017",2.4,4.0 and up
Samsung Health,HEALTH_AND_FITNESS,4.3,480208,70M,"500,000,000+",Free,0,Everyone,Health & Fitness,"July 31, 2018",5.17.2.009,5.0 and up
Runtastic Sleep Better: Sleep Cycle & Smart Alarm,HEALTH_AND_FITNESS,4.1,111465,Varies with device,"5,000,000+",Free,0,Everyone,Health & Fitness,"July 25, 2018",Varies with device,Varies with device
Twilight: Blue light filter,HEALTH_AND_FITNESS,4.6,318134,Varies with device,"5,000,000+",Free,0,Everyone,Health & Fitness,"May 29, 2018",Varies with device,Varies with device
MediBeat for AW - Android (1),HEALTH_AND_FITNESS,,2,Varies with device,500+,Free,0,Everyone,Health & Fitness,"October 24, 2017",0.9.16,Varies with device
Q7 SmartWatch,HEALTH_AND_FITNESS,3.0,94,30M,"10,000+",Free,0,Everyone,Health & Fitness,"July 9, 2018",1.0.2,4.3 and up
AY Oakmont,HEALTH_AND_FITNESS,,0,11M,10+,Free,0,Everyone,Health & Fitness,"July 9, 2018",4.2.2,4.1 and up
Cures A-Z,HEALTH_AND_FITNESS,4.0,265,4.1M,"100,000+",Free,0,Everyone,Health & Fitness,"August 13, 2015",2.1,3.0 and up
BA Accesible,HEALTH_AND_FITNESS,,31,4.7M,"1,000+",Free,0,Everyone,Health & Fitness,"July 19, 2016",0.0.1,4.1 and up
Fitness Dance for Zum.ba Workout Exercise,HEALTH_AND_FITNESS,4.2,287,12M,"50,000+",Free,0,Everyone,Health & Fitness,"July 30, 2018",1.8,4.2 and up
BD Provider App,HEALTH_AND_FITNESS,1.4,45,13M,"5,000+",Free,0,Everyone,Health & Fitness,"September 12, 2016",1.0,4.1 and up
Be Stronger,HEALTH_AND_FITNESS,4.8,787,53M,"1,000+",Paid,$1.99,Everyone,Health & Fitness,"July 31, 2018",1.4.7,4.0.3 and up
BF Scale Health Fitness Tool,HEALTH_AND_FITNESS,2.2,19,9.6M,"1,000+",Free,0,Everyone,Health & Fitness,"November 29, 2017",2.1,4.3 and up
"Women""s Health Tips(Breast,Face,Body,weight lose)",HEALTH_AND_FITNESS,4.2,2509,5.0M,"1,000,000+",Free,0,Mature 17+,Health & Fitness,"April 20, 2018",1.8,4.1 and up
Revita.bg,HEALTH_AND_FITNESS,4.8,10,4.0M,10+,Free,0,Everyone,Health & Fitness,"June 13, 2018",3.55,4.0 and up
Blood Glucose Tracker,HEALTH_AND_FITNESS,4.6,9612,3.5M,"100,000+",Free,0,Everyone,Health & Fitness,"May 18, 2018",1.8.12,4.4 and up
BH by Kinomap,HEALTH_AND_FITNESS,2.9,141,22M,"10,000+",Free,0,Everyone,Health & Fitness,"July 30, 2018",3.2.9,4.1 and up
BH - Fitness & Nutrition,HEALTH_AND_FITNESS,,0,43M,1+,Free,0,Everyone,Health & Fitness,"July 4, 2018",4.3.6,4.1 and up
FitConsole,HEALTH_AND_FITNESS,2.6,219,1.8M,"50,000+",Free,0,Everyone,Health & Fitness,"October 30, 2015",v1.1-20151030,4.0 and up
Run on Earth,HEALTH_AND_FITNESS,2.4,577,3.7M,"50,000+",Free,0,Everyone,Health & Fitness,"April 25, 2018",1.7.5,4.0 and up
Treadmill Workouts Free (P),HEALTH_AND_FITNESS,3.3,10,3.3M,"1,000+",Free,0,Everyone,Health & Fitness,"April 5, 2018",1.8 P,4.4 and up
The Daily BJ,HEALTH_AND_FITNESS,4.8,38,24M,500+,Free,0,Everyone,Health & Fitness,"July 10, 2018",1.1,5.0 and up
Hungry Girl Diet Bk. Companion,HEALTH_AND_FITNESS,2.2,4,28M,"1,000+",Free,0,Everyone,Health & Fitness,"February 1, 2018",1.1.3,4.0 and up
BL ONLINE PERSONAL TRAINING,HEALTH_AND_FITNESS,,0,41M,5+,Free,0,Everyone,Health & Fitness,"August 29, 2017",BL ONLINE PERSONAL TRAINING 7.9.0,4.1 and up
Poop Tracker - Toilet Log,HEALTH_AND_FITNESS,4.4,622,2.5M,"10,000+",Free,0,Everyone,Health & Fitness,"May 9, 2018",1.3.3,4.4 and up
BM Pharmacy,HEALTH_AND_FITNESS,4.9,42,18M,"1,000+",Free,0,Everyone,Health & Fitness,"June 11, 2018",1.5.12,4.1 and up
BM Physiotherapy Clinic,HEALTH_AND_FITNESS,5.0,3,9.3M,100+,Free,0,Everyone,Health & Fitness,"October 9, 2017",0.0.1,4.1 and up
My BP Lab,HEALTH_AND_FITNESS,2.6,186,25M,"10,000+",Free,0,Everyone,Health & Fitness,"May 19, 2018",1.1.0,8.0 and up
Monitor My BP,HEALTH_AND_FITNESS,,0,4.6M,50+,Paid,$5.99,Everyone,Health & Fitness,"November 26, 2016",2.0.1,4.0 and up
BP Tracker,HEALTH_AND_FITNESS,4.3,12,613k,"1,000+",Free,0,Everyone,Health & Fitness,"February 20, 2016",1.0.0,5.0 and up
MI-BP,HEALTH_AND_FITNESS,5.0,1,12M,50+,Free,0,Everyone,Health & Fitness,"April 9, 2018",1.0.8.506,5.0 and up
Deep Breathe BP,HEALTH_AND_FITNESS,3.9,26,12M,"1,000+",Free,0,Everyone,Health & Fitness,"June 9, 2018",1.0,4.1 and up
BP Toolbox,HEALTH_AND_FITNESS,2.1,32,9.6M,"1,000+",Free,0,Everyone,Health & Fitness,"May 22, 2018",5.9,4.3 and up
Blood pressure,HEALTH_AND_FITNESS,3.4,2256,1.6M,"500,000+",Free,0,Everyone,Health & Fitness,"July 31, 2014",1.1.0,4.0 and up
Bacterial Vaginosis,HEALTH_AND_FITNESS,,1,4.9M,100+,Free,0,Everyone,Health & Fitness,"February 21, 2018",1.2,4.0 and up
Bacterial Vaginosis ðŸ‡ºðŸ‡¸,HEALTH_AND_FITNESS,,1,3.5M,500+,Free,0,Teen,Health & Fitness,"November 1, 2017",1.1,2.3 and up
Bacteria Vaginosis,HEALTH_AND_FITNESS,4.0,4015,7.7M,"1,000,000+",Free,0,Mature 17+,Health & Fitness,"April 27, 2017",6.0,3.0 and up
Bacterial vaginosis Treatment - Sexual disease,HEALTH_AND_FITNESS,5.0,2,5.9M,500+,Free,0,Everyone,Health & Fitness,"June 25, 2018",2.0,4.0.3 and up
Home Remedies for Bacterial Infections,HEALTH_AND_FITNESS,,0,4.4M,50+,Free,0,Everyone,Health & Fitness,"April 19, 2018",1.0,2.2 and up
Benefit Extras Mobile App,HEALTH_AND_FITNESS,2.3,3,2.4M,"1,000+",Free,0,Everyone,Health & Fitness,"July 18, 2018",6.0,5.0 and up
Kick Axe Bx,HEALTH_AND_FITNESS,,0,9.3M,1+,Free,0,Everyone,Health & Fitness,"June 7, 2017",1.0.1,4.0 and up
CB Martial Arts,HEALTH_AND_FITNESS,,0,8.7M,10+,Free,0,Everyone,Health & Fitness,"May 15, 2018",1.1.7,4.1 and up
CB NFC Pendant,HEALTH_AND_FITNESS,,0,913k,50+,Free,0,Everyone,Health & Fitness,"October 4, 2017",1.0.2,4.1 and up
CB Fit,HEALTH_AND_FITNESS,5.0,1,7.8M,10+,Free,0,Everyone,Health & Fitness,"July 9, 2018",4.2.2,4.1 and up
C B Patel Health Club,HEALTH_AND_FITNESS,5.0,5,14M,100+,Free,0,Everyone,Health & Fitness,"July 2, 2018",1.0.1,4.4 and up
CF SPOT,HEALTH_AND_FITNESS,,0,9.7M,100+,Free,0,Everyone,Health & Fitness,"July 9, 2018",4.2.2,4.1 and up
CF Talenti,HEALTH_AND_FITNESS,,4,7.8M,100+,Free,0,Everyone,Health & Fitness,"July 9, 2018",4.2.2,4.1 and up
Thrive CF,HEALTH_AND_FITNESS,2.2,6,8.0M,100+,Free,0,Everyone,Health & Fitness,"January 5, 2018",1.0.1,4.3 and up
CF Townsville,HEALTH_AND_FITNESS,5.0,4,14M,100+,Free,0,Everyone,Health & Fitness,"July 9, 2018",4.2.2,4.1 and up
CF Etowah,HEALTH_AND_FITNESS,,0,8.8M,100+,Free,0,Everyone,Health & Fitness,"July 9, 2018",4.2.2,4.1 and up
"Cystic Fibrosis Symptoms, Doctors & Treatments",HEALTH_AND_FITNESS,4.7,6,9.7M,100+,Free,0,Teen,Health & Fitness,"April 24, 2018",1.0.7,5.0 and up
CF Themis,HEALTH_AND_FITNESS,,0,8.5M,100+,Free,0,Everyone,Health & Fitness,"July 12, 2018",3.1.2,4.1 and up
CF Riga,HEALTH_AND_FITNESS,,12,11M,100+,Free,0,Everyone,Health & Fitness,"July 9, 2018",4.2.2,4.1 and up
Casa CF,HEALTH_AND_FITNESS,4.7,12,6.3M,500+,Free,0,Everyone,Health & Fitness,"July 12, 2018",3.1.2,4.1 and up
CampGladiator,HEALTH_AND_FITNESS,3.5,293,19M,"50,000+",Free,0,Everyone,Health & Fitness,"July 20, 2018",2.4.43,4.1 and up
CG Fit Scale,HEALTH_AND_FITNESS,2.6,13,3.3M,"1,000+",Free,0,Everyone,Health & Fitness,"October 13, 2015",1.1.4,4.0 and up
Pharmacy CI - Pharmacies de garde CÃ´te d'Ivoire,HEALTH_AND_FITNESS,4.5,5509,3.2M,"100,000+",Free,0,Everyone,Health & Fitness,"July 3, 2018",4.7.0 Phoenix,4.0.3 and up
All-night drugstore CI & Price,HEALTH_AND_FITNESS,,0,5.1M,10+,Paid,$0.99,Everyone,Health & Fitness,"November 27, 2017",3.0.2.0,1.6 and up
Pharmacie de Garde CI et Prix,HEALTH_AND_FITNESS,4.4,2599,6.9M,"100,000+",Free,0,Mature 17+,Health & Fitness,"January 9, 2018",3.0.5.0,2.0 and up
CJ Fitness,HEALTH_AND_FITNESS,2.4,221,43M,"10,000+",Free,0,Everyone,Health & Fitness,"February 14, 2018",4.3.0,4.1 and up
The CJ Rubric,HEALTH_AND_FITNESS,5.0,5,43M,100+,Free,0,Everyone,Health & Fitness,"December 5, 2017",The CJ Rubric 7.12.0,4.1 and up
CK SKILLZ,HEALTH_AND_FITNESS,,0,8.6M,50+,Free,0,Everyone,Health & Fitness,"May 15, 2018",1.1.7,4.1 and up
CK Life,HEALTH_AND_FITNESS,,3,60M,100+,Free,0,Teen,Health & Fitness,"August 2, 2018",2.0.0,4.4 and up
CK Pharmacies,HEALTH_AND_FITNESS,2.7,3,9.4M,100+,Free,0,Everyone 10+,Health & Fitness,"June 28, 2018",7.4.8,4.0.3 and up
CK Active,HEALTH_AND_FITNESS,,0,9.7M,10+,Free,0,Everyone,Health & Fitness,"February 27, 2018",3.0.6,4.0 and up
CL-Customer Care,HEALTH_AND_FITNESS,,2,6.8M,5+,Free,0,Everyone,Health & Fitness,"June 14, 2018",1.3,4.0.3 and up
CL Strength,HEALTH_AND_FITNESS,5.0,3,40M,50+,Free,0,Everyone,Health & Fitness,"June 27, 2018",CL Strength 7.12.1,4.1 and up
The ClubHouse CR,HEALTH_AND_FITNESS,,5,8.7M,100+,Free,0,Everyone,Health & Fitness,"July 9, 2018",4.2.2,4.1 and up
Evolution Marketing CR,HEALTH_AND_FITNESS,,14,1.3M,"1,000+",Free,0,Everyone,Health & Fitness,"March 30, 2018",3.0,4.0.3 and up
I AM C.T.,HEALTH_AND_FITNESS,4.6,28,20M,"1,000+",Free,0,Mature 17+,Health & Fitness,"April 27, 2017",1.0,4.0.3 and up
Cy's Elma Pharmacy,HEALTH_AND_FITNESS,,0,9.4M,10+,Free,0,Everyone 10+,Health & Fitness,"June 28, 2018",7.4.8,4.0.3 and up
Tools & Mi Band,HEALTH_AND_FITNESS,4.4,15753,13M,"100,000+",Paid,$3.49,Everyone,Health & Fitness,"July 26, 2018",3.7.3,4.3 and up
DG Fitness,HEALTH_AND_FITNESS,4.8,6,14M,100+,Free,0,Everyone,Health & Fitness,"March 23, 2018",7.7.3,4.1 and up
DG Xplained,HEALTH_AND_FITNESS,,1,12M,100+,Free,0,Everyone,Health & Fitness,"May 2, 2018",1.0.3,4.1 and up
Stop Smoking - EasyQuit free,HEALTH_AND_FITNESS,4.8,39068,4.0M,"500,000+",Free,0,Everyone,Health & Fitness,"July 7, 2018",1.2.2,4.1 and up
Dr. Muscle,HEALTH_AND_FITNESS,4.0,87,33M,"10,000+",Free,0,Everyone,Health & Fitness,"July 28, 2018",2.5,4.0.3 and up
Dr. McDougall Mobile Cookbook,HEALTH_AND_FITNESS,3.8,76,1.2M,"1,000+",Paid,$4.99,Everyone,Health & Fitness,"January 26, 2015",1.1,2.2 and up
DS Companion,HEALTH_AND_FITNESS,,0,4.6M,50+,Free,0,Everyone,Health & Fitness,"November 3, 2017",1.7,4.4 and up
Eat Right Diet (by Dt Shreya's Family Diet Clinic),HEALTH_AND_FITNESS,,0,12M,10+,Free,0,Everyone,Health & Fitness,"August 7, 2018",1.0.7,5.0 and up
Dt. Jyothi Srinivas,HEALTH_AND_FITNESS,5.0,18,13M,100+,Free,0,Everyone,Health & Fitness,"February 6, 2018",1.0.6,4.1 and up
DT NO.I,HEALTH_AND_FITNESS,2.4,44,49M,"1,000+",Free,0,Everyone,Health & Fitness,"August 1, 2018",V1.0.1,4.3 and up
Bodyworks DW,HEALTH_AND_FITNESS,,0,10M,10+,Free,0,Everyone,Health & Fitness,"July 9, 2018",4.2.2,4.1 and up
D.W Bien ÃŠtre,HEALTH_AND_FITNESS,,0,40M,10+,Free,0,Everyone,Health & Fitness,"April 6, 2016",1.0,2.3 and up
Cloud DX Connected Health,HEALTH_AND_FITNESS,5.0,6,11M,100+,Free,0,Everyone,Health & Fitness,"July 19, 2017",1.7.10713 (281),4.4 and up
DY Fitness,HEALTH_AND_FITNESS,,0,43M,10+,Free,0,Everyone,Health & Fitness,"August 6, 2018",4.4.1,4.1 and up
PHARMAGUIDE (DZ),HEALTH_AND_FITNESS,4.1,131,3.4M,"5,000+",Free,0,Everyone,Health & Fitness,"April 1, 2016",1.06,1.6 and up
DEM DZ,HEALTH_AND_FITNESS,,2,957k,100+,Free,0,Teen,Health & Fitness,"November 13, 2017",1.0,2.3.3 and up
Eb & flow Yoga Studio,HEALTH_AND_FITNESS,,0,7.3M,10+,Free,0,Everyone,Health & Fitness,"July 9, 2018",4.2.2,4.1 and up
EF Coach,HEALTH_AND_FITNESS,4.8,17,14M,500+,Free,0,Everyone,Health & Fitness,"March 12, 2018",1.1.1,4.4 and up
EF Academy,HEALTH_AND_FITNESS,5.0,4,15M,50+,Free,0,Everyone,Health & Fitness,"March 23, 2018",7.7.3,4.1 and up
Vital Tones EI Pro,HEALTH_AND_FITNESS,,2,85M,50+,Paid,$9.99,Everyone,Health & Fitness,"December 1, 2017",1.4,4.0 and up
"Period Tracker, Pregnancy Calculator & Calendar ðŸŒ¸",HEALTH_AND_FITNESS,,0,Varies with device,"10,000+",Free,0,Everyone,Health & Fitness,"August 1, 2018",Varies with device,Varies with device
The EO Bar,HEALTH_AND_FITNESS,4.7,416,34M,"10,000+",Paid,$6.99,Everyone,Health & Fitness,"July 2, 2018",1.3.7,4.1 and up
EO App. SelfCompassion to you,HEALTH_AND_FITNESS,,1,Varies with device,100+,Free,0,Everyone,Health & Fitness,"September 12, 2015",Varies with device,Varies with device
EO Guide,HEALTH_AND_FITNESS,,15,24M,"1,000+",Paid,$4.99,Everyone,Health & Fitness,"July 23, 2018",1.0.4,4.1 and up
Nike Training Club - Workouts & Fitness Plans,HEALTH_AND_FITNESS,4.6,251618,93M,"10,000,000+",Free,0,Everyone,Health & Fitness,"July 18, 2018",5.14.0,5.0 and up
"Ideal Weight, BMI Calculator",HEALTH_AND_FITNESS,4.2,112384,5.0M,"5,000,000+",Free,0,Everyone,Health & Fitness,"February 23, 2018",2.1.0,4.1 and up
Fitness & Bodybuilding,HEALTH_AND_FITNESS,4.6,95201,61M,"5,000,000+",Free,0,Everyone,Health & Fitness,"July 9, 2018",2.4.1,4.1 and up
CALIOPE EU: Air Quality,HEALTH_AND_FITNESS,3.9,21,2.2M,"1,000+",Free,0,Everyone,Health & Fitness,"October 30, 2015",1.1.2,4.0 and up
Home Workout - No Equipment,HEALTH_AND_FITNESS,4.8,432160,15M,"10,000,000+",Free,0,Everyone,Health & Fitness,"June 28, 2018",Varies with device,Varies with device
EW MOTION THERAPY,HEALTH_AND_FITNESS,,0,7.1M,10+,Free,0,Everyone,Health & Fitness,"July 9, 2018",4.2.2,4.1 and up
SCI-Ex,HEALTH_AND_FITNESS,3.5,8,7.9M,"1,000+",Free,0,Everyone,Health & Fitness,"June 28, 2018",1.0060.b0060,5.0 and up
X your Ex - Break Up Treatment,HEALTH_AND_FITNESS,4.0,32,64M,"5,000+",Free,0,Everyone,Health & Fitness,"May 20, 2017",3.9,4.1 and up
Dream EZ,HEALTH_AND_FITNESS,4.1,107,50M,"10,000+",Free,0,Everyone,Health & Fitness,"March 24, 2016",1.0.0,3.0 and up
FD Fitness,HEALTH_AND_FITNESS,,3,21M,50+,Free,0,Everyone,Health & Fitness,"July 4, 2018",6.3.1,4.0.3 and up
L!FE Premium Training,HEALTH_AND_FITNESS,,2,10M,100+,Free,0,Everyone,Health & Fitness,"July 9, 2018",4.2.2,4.1 and up
Santa Fe Thrive,HEALTH_AND_FITNESS,5.0,2,8.3M,50+,Free,0,Everyone,Health & Fitness,"July 9, 2018",4.2.2,4.1 and up
Burn Your Fat With Me! FG,HEALTH_AND_FITNESS,4.5,38487,60M,"1,000,000+",Free,0,Teen,Health & Fitness,"July 3, 2018",5.1.0,4.1 and up
FH Calculator,HEALTH_AND_FITNESS,,9,992k,500+,Free,0,Everyone,Health & Fitness,"June 4, 2015",1.0,4.0 and up
Restaurant Inspections - FL,HEALTH_AND_FITNESS,3.5,143,226k,"10,000+",Free,0,Everyone,Health & Fitness,"June 12, 2013",1.1,2.2 and up
Florida Blue,HEALTH_AND_FITNESS,3.2,499,34M,"100,000+",Free,0,Everyone,Health & Fitness,"July 10, 2018",4.2.1,7.0 and up
Fast Tract Diet,HEALTH_AND_FITNESS,4.4,35,2.4M,"1,000+",Paid,$7.99,Everyone,Health & Fitness,"August 8, 2018",1.9.3,4.2 and up
